{
  "kind": "collectionType",
  "collectionName": "course_lists",
  "info": {
    "singularName": "course-list",
    "pluralName": "course-lists",
    "displayName": "CourseList",
    "description": ""
  },
  "options": {
    "draftAndPublish": true
  },
  "pluginOptions": {},
  "attributes": {
    "name": {
      "type": "string"
    },
    "description": {
      "type": "richtext"
    },
    "image": {
      "type": "media",
      "multiple": false,
      "required": false,
      "allowedTypes": [
        "images",
        "files",
        "videos",
        "audios"
      ]
    },
    "Topic": {
      "type": "component",
      "repeatable": true,
      "component": "topics.topics"
    },
    "type": {
      "type": "enumeration",
      "enum": [
        "basic",
        "moderate",
        "advance",
        "project"
      ]
    }
  }
}
