{
  "kind": "collectionType",
  "collectionName": "blogs",
  "info": {
    "singularName": "blog",
    "pluralName": "blogs",
    "displayName": "Blog",
    "description": ""
  },
  "options": {
    "draftAndPublish": true
  },
  "pluginOptions": {},
  "attributes": {
    "title": {
      "type": "string"
    },
    "description": {
      "type": "richtext"
    },
    "coverImage": {
      "type": "media",
      "multiple": false,
      "required": false,
      "allowedTypes": [
        "images",
        "files",
        "videos",
        "audios"
      ]
    },
    "blog_tags": {
      "type": "relation",
      "relation": "manyToMany",
      "target": "api::blog-tag.blog-tag",
      "inversedBy": "blogs"
    },
    "tag": {
      "type": "enumeration",
      "enum": [
        "React",
        "Angular",
        "UI/UX",
        "React Native",
        "Ionic"
      ]
    }
  }
}
